-- DATOS DE CAT_PERFIL
INSERT INTO cat_perfil(id_perfil, descripcionperfil)values
(1,"ANALISTAS DE SISTEMAS"),
(2,"GERENTE DE SISTEMAS");

INSERT INTO cat_estado_prestamo (id_catalogo,descripcion)values
(1,"Entregado"),
(2,"Dañado"),
(3,"Perdida"),
(4,"Pendiente en Devolver");
 

-- DATOS DE CAT_USUARIO
INSERT INTO cat_usuario (id_usuario,usuario, nombre, apellidoP, apellidoM, telefono, correo,contrasena,id_perfil, estatus) VALUES
(1,"CVM", "CARLOS ALBERTO", "VALERO", "MEJIA" ,'5525151435', "cvalero@haciendadelosmorales.com", "CVM","2", 1),
(2,"SGS", "SERGIO", "GONZÀLEZ", "SALAZAR" ,'5511401340', "sgonzalez@haciendadelosmorales.com", "SGS","1", 1),
(3,"VMA", "VICTOR", "MEJIA", "ALTAMIRANO" ,'5636528491', "vmejia@haciendadelosmorales.com", "VMA","1", 1),
(4,"JGM", "JESUS", "GUTIERREZ", "MONTIEL" ,'5574862560', "jesusgmontiel@gmail.com", "JGM","1", 1),
(5,"LJG", "LEONEL", "JUAREZ", "GONZÀLEZ" ,'5518092771', "leojuarez.g2007@gmail.com", "LJG","1", 1);

-- DATOS DE CAT_AREA
INSERT INTO cat_area (id_area,descripcion,estatus) VALUES
(1,"TI-SISTEMAS",1),
(2,"RECURSOS HUMANOS",1),
(3,"ALMACEN GENERAL",1),
(4,"MANTENIMIENTO",1),
(5,"LIMPIEZA",1),
(6,"BANQUETES",1),
(7,"CAJA",1),
(8,"ROPERIA",1),
(9,"COMPRAS",1),
(10,"SERVICIO MEDICO",1),
(11,"CONTABLIDAD",1),
(12,"CONTROL INTERNO",1),
(13,"VALET PARKING",1),
(14,"COSTOS",1),
(15,"RESTAURANTE",1);

 -- DATOS PARA CAT_PROVEDDOR
 INSERT INTO cat_proveedor (id_proveedor,razon_social,telefono,id_area,estatus) VALUES
(NULL,"PRUEBA",'557862560',1,1);

INSERT INTO cat_cliente (id_cliente,nombre, apellidoP, apellidoM, telefono, id_area, estatus)values
(1,'FRANCISCO JAVIER','MORALES','HERNANDEZ ',5552833000,15,1),
(2,'JORGE','AGRAZ','ALDUCIN ',5552833000,15,1),
(3,'ANGEL MARTIN','MOTA','MASTACHE',5552833000,15,1),
(4,'JOSE ANTONIO','SAN JUAN','ARELLANO',5552833000,15,1),
(5,'MARIBEL','ALVAREZ','BAGUES',5552833000,15,1),
(6,'JAQUELINE VIRIDIANA','ESCOBAR','CEDILLO ',5552833000,15,1),
(7,'RANALD','HERNANDEZ','PINEDA',5552833000,15,1),
(8,'JESSICA ALEJANDRA','GARCIA','AGUILAR',5552833000,15,1),
(9,'NANCY ARACELI','MORALES','VASQUEZ',5552833000,15,1),
(10,'MARYA','OLMOS','ALVAREZ',5552833000,6,1),
(11,'MARIA DOLORES','COVARRUBIAS','CARRION',5552833000,6,1),
(12,'RAFAEL','DUEÑAS','LEMUS',5552833000,6,1),
(13,'EVA LORENA','GONZALEZ','PACHECO',5552833000,6,1),
(14,'JULIETA ALEJANDRA','RUIZ','DURAN',5552833000,6,1),
(15,'JESUS','ALVARADO','ORTIZ',5552833000,6,1),
(16,'ALMA BRENDA','TERAN','HERNANDEZ',5552833000,6,1),
(17,'KARINA','CORONA','CARRREON',5552833000,6,1);


-- DATOS DE CAT_TIPO_PRODUCTO
INSERT INTO cat_tipo_producto(id_tipo,descripciontipo,id_area,estatus) VALUES
(1,"COMPUTADORA",1,1),
(2,"IMPRESORA",1,1),
(3,"PROYECTOR",1,1),
(4,"SWICH",1,1),
(5,"MICROFONO",1,1),
(6,"ADAPTADORES",1,1),
(7,"CABLES DE PROYECCCION",1,1),
(8,"MAUSE",1,1),
(9,"LAPTOP",1,1),
(10,"CABLE DE RED",1,1),
(11,"ANTENA",1,1),
(12,"BOCINA",1,1),
(13,"PANTALLA",1,1),
(14,"MODULO BLUETOOTH",1,1),
(15,"CONTROL",1,1),
(16,"UNIDAD OPTICA",1,1);


-- DATOS DE CAT_MARCA
INSERT INTO cat_marca (id_marca,descripcionmarca,estatus) VALUES
(1,"EPSON",1),
(2,"APC",1),
(3,"SHURE",1),
(4,"HP",1),
(5,"BENQ",1),
(6,"DELL",1),
(7,"NEC",1),
(8,"TP-LINK",1),
(9,"APLLE",1),
(10,"STARTECH",1),
(11,"LG",1),
(12,"SONY",1),
(13,"HISENSE",1),
(14,"TOTALPLAY",1),
(15,"PHOENIX",1);




-- DATOS DE CAT_PRODUCTO
INSERT INTO cat_producto(id_producto,descripcionproducto,cantidad,id_marca,modelo,serie,precio,id_usuarioalta,id_usuariobaja,id_tipo,fh_alta,fh_baja,id_proveedor,estatus)values
(1,"PROYECTOR-EPSON",1,1,'H385A',"pa2f1y0411l",'4000',4,NULL,3,SYSDATE(),NULL,1,1),
(2,"PROYECTOR-EPSON",1,1,'H434A',"PTPK2101831",'4000',4,NULL,3,SYSDATE(),NULL,1,1),
(3,"PROYECTOR-BENQ",1,5,'MX618ST',"pdb7d01885000",'7000',4,NULL,3,SYSDATE(),NULL,1,1),
(4,"PROYECTOR-BENQ",1,5,'MX613ST',"PDH2C02707000",'7000',4,NULL,3,SYSDATE(),NULL,1,1),
(5,"PROYECTOR-NEC",1,7,'NP-R300XS',"2X00064UH",'7000',4,NULL,3,SYSDATE(),NULL,1,1),
(6,"PROYECTOR-NEC",1,7,'NP-M300XS',"2900458UH",'7000',4,NULL,3,SYSDATE(),NULL,1,1),
(7,"PROYECTOR-NEC",1,7,'NP-M300XS',"2X00256UH",'7000',4,NULL,3,SYSDATE(),NULL,1,1),
(8,"MICROFONO DE MANO",1,3,'PGXD24/PG58-X8',"3nk1910469",'10652',4,NULL,5,SYSDATE(),NULL,1,1),
(9,"MICROFONO DE DIADEMA",1,3,'H385A',"pa2f1y0411l",'4000',4,NULL,5,SYSDATE(),NULL,1,1),
(10,"LAPTOP",1,6,'latitude 3520',"D55PW93",'18000',4,NULL,9,SYSDATE(),NULL,1,1),
(11,"LAPTOP",1,4,'HP ProBook 450 G6',"5CD0015GQV",'18000',4,NULL,9,SYSDATE(),NULL,1,1),
(12,"SWITCH",1,8,'TL-SF1008D',"220b5p1007100",'380',4,NULL,4,SYSDATE(),NULL,1,1),

(13,"ADAPTADOR HDM1VGA-THUNDERBOLT 1",1,10,'S/M',"AD HDVG TH1",'255',4,NULL,6,SYSDATE(),NULL,1,1),
(14,"ADAPTADOR HDMI-THUNDERBOLT 2",1,10,'S/M',"AD HD TH2",'255',4,NULL,6,SYSDATE(),NULL,1,1),
(15,"ADAPTADOR VGA-THUNDERBOLT 3",1,10,'S/M',"AD VG TH3",'255',4,NULL,6,SYSDATE(),NULL,1,1),
(16,"ADAPTADOR VGA-THUNDERBOLT 4",1,10,'S/M',"AD VG TH4",'255',4,NULL,6,SYSDATE(),NULL,1,1),
(17,"ADAPTADOR HDMI-C 5",1,9,'S/M',"AD HD C5",'255',4,NULL,6,SYSDATE(),NULL,1,1),
(18,"ADAPTADOR VGA-C 6",1,9,'S/M',"AD VG C6",'255',4,NULL,6,SYSDATE(),NULL,1,1),
(19,"ADAPTADOR Y HDMI- HDMI 7",1,10,'S/M',"AD 2HDMI HDMI7",'255',4,NULL,6,SYSDATE(),NULL,1,1),
(20,"ADAPTADOR VGA-HDMI 8",1,10,'S/M',"AD VG HD8",'255',4,NULL,6,SYSDATE(),NULL,1,1),
(21,"ADAPTADOR VGA-HDMI 9",1,10,'S/M',"AD VG HD9",'255',4,NULL,6,SYSDATE(),NULL,1,1),

(22,"CONTROL 14",1,11,'AN-MR3005',"CO LG 14",'255',4,NULL,15,SYSDATE(),NULL,1,1),
(23,"CONTROL 13",1,1,'145664100',"CO EP 13",'255',4,NULL,15,SYSDATE(),NULL,1,1),
(24,"CONTROL 12",1,7,'RD-448E',"CO NE 12",'255',4,NULL,15,SYSDATE(),NULL,1,1),
(25,"CONTROL 11",1,13,'EN-33925A',"CO HI 11",'255',4,NULL,15,SYSDATE(),NULL,1,1),
(26,"CONTROL 10",1,13,'S/M',"CO HI 10",'255',4,NULL,15,SYSDATE(),NULL,1,1),
(27,"CONTROL 9",1,7,'RD-448E',"CO NE 9",'255',4,NULL,15,SYSDATE(),NULL,1,1),
(28,"CONTROL 8",1,7,'RD-448E',"CO NE 8",'255',4,NULL,15,SYSDATE(),NULL,1,1),
(29,"CONTROL 7",1,12,'S/M',"CO SO 7",'255',4,NULL,15,SYSDATE(),NULL,1,1),
(30,"CONTROL 6",1,14,'S/M',"CO TO 6",'255',4,NULL,15,SYSDATE(),NULL,1,1),
(31,"CONTROL 5",1,11,'AKB75095307',"CO LG 5",'255',4,NULL,15,SYSDATE(),NULL,1,1),
(32,"CONTROL 4",1,1,'151944200',"CO EP 4",'255',4,NULL,15,SYSDATE(),NULL,1,1),
(33,"CONTROL 3",1,12,'S/M',"CO SO 3",'255',4,NULL,15,SYSDATE(),NULL,1,1),
(34,"CONTROL 2",1,1,'161371700',"CO EP 2",'255',4,NULL,15,SYSDATE(),NULL,1,1),
(35,"CONTROL 1",1,1,'218906000',"CO EP 1",'255',4,NULL,15,SYSDATE(),NULL,1,1),

(36,"PANTALLA TELA 2MT * 2MT 1",1,15,'S/M',"PA TE 1",'255',4,NULL,13,SYSDATE(),NULL,1,1),
(37,"PANTALLA TELA 2MT * 2MT 2",1,15,'S/M',"PA TE 2",'255',4,NULL,13,SYSDATE(),NULL,1,1),
(38,"PANTALLA TV 60 PULGADAS 1",1,11,'60UJ6300-UA',"710RMCJAX707",'255',4,NULL,13,SYSDATE(),NULL,1,1),
(39,"PANTALLA TV 60 PULGADAS 2",1,11,'60UJ6300',"710RMRHAX486",'255',4,NULL,13,SYSDATE(),NULL,1,1),
(40,"PANTALLA TV 60 PULGADAS 3",1,11,'60PB5600',"482RMRH64684",'255',4,NULL,13,SYSDATE(),NULL,1,1),
(41,"PANTALLA TV 60 PULGADAS 4",1,11,'60PB5600',"404RMGCCF215",'255',4,NULL,13,SYSDATE(),NULL,1,1);

SELECT *FROM cat_producto;



-- DATOS DE CAT_SALON
INSERT INTO cat_salon (id_salon,descripcion,estatus) VALUES
(1,'ANEXO',1),
(2,'ARCOS',1),
(3,'ATICO',1),
(4,'BODEGONES',1),
(5,'CABALLITOS',1),
(6,'ESTACIA',1),
(7,'HUERTA',1),
(8,'KAVA',1),
(9,'MOLINO',1),
(10,'MORERAS',1),
(11,'SACRISTIA',1),
(12,'TERRAZA A',1),
(13,'TERRAZA B',1),
(14,'TROJE',1),
(15,'VITRALES',1),
(16,'BAR PATIO',1),
(17,'KIOSCO',1),
(18,'JARDIN',1),
(19,'NORIA',1);


INSERT INTO cat_contador(id_contador, descripcion, var_num, valor_min, valor_max)values
(1,'Consecutivo prestamo',100,100,9999);



 